iter_times	N	h	error
6035 100 2.000000e-02 6.570360e-02
